[{"model": "admin.logentry", "pk": 1, "fields": {"action_time": "2024-08-10T07:11:36.652Z", "user": 1, "content_type": 7, "object_id": "1", "object_repr": "Front End Development", "action_flag": 1, "change_message": "[{\"added\": {}}, {\"added\": {\"name\": \"level\", \"object\": \"Front End Development - Beginner Level\"}}, {\"added\": {\"name\": \"level\", \"object\": \"Front End Development - Intermediate Level\"}}, {\"added\": {\"name\": \"level\", \"object\": \"Front End Development - Advanced Level\"}}, {\"added\": {\"name\": \"level\", \"object\": \"Front End Development - Master Level\"}}, {\"added\": {\"name\": \"level\", \"object\": \"Front End Development - Additional Resources\"}}]"}}, {"model": "admin.logentry", "pk": 2, "fields": {"action_time": "2024-08-10T07:13:27.411Z", "user": 1, "content_type": 9, "object_id": "1", "object_repr": "Beginner Level - Introduction to Front End Development", "action_flag": 1, "change_message": "[{\"added\": {}}]"}}, {"model": "admin.logentry", "pk": 3, "fields": {"action_time": "2024-08-10T07:14:12.803Z", "user": 1, "content_type": 9, "object_id": "2", "object_repr": "Beginner Level - Building Simple Web Pages", "action_flag": 1, "change_message": "[{\"added\": {}}]"}}, {"model": "admin.logentry", "pk": 4, "fields": {"action_time": "2024-08-10T07:27:28.456Z", "user": 1, "content_type": 10, "object_id": "1", "object_repr": "Introduction to Front End Development - Task 1", "action_flag": 1, "change_message": "[{\"added\": {}}]"}}, {"model": "admin.logentry", "pk": 5, "fields": {"action_time": "2024-08-10T07:31:46.189Z", "user": 1, "content_type": 9, "object_id": "1", "object_repr": "Beginner Level - Introduction to Front End Development", "action_flag": 2, "change_message": "[{\"added\": {\"name\": \"task\", \"object\": \"Introduction to Front End Development - Task 2\"}}]"}}, {"model": "admin.logentry", "pk": 6, "fields": {"action_time": "2024-08-10T07:33:48.162Z", "user": 1, "content_type": 9, "object_id": "1", "object_repr": "Beginner Level - Introduction to Front End Development", "action_flag": 2, "change_message": "[{\"added\": {\"name\": \"task\", \"object\": \"Introduction to Front End Development - Task 3\"}}]"}}, {"model": "admin.logentry", "pk": 7, "fields": {"action_time": "2024-08-10T07:49:49.518Z", "user": 1, "content_type": 9, "object_id": "1", "object_repr": "Beginner Level - Introduction to Front End Development", "action_flag": 2, "change_message": "[{\"added\": {\"name\": \"task\", \"object\": \"Introduction to Front End Development - Task 4\"}}]"}}, {"model": "admin.logentry", "pk": 8, "fields": {"action_time": "2024-08-10T08:06:56.682Z", "user": 1, "content_type": 9, "object_id": "2", "object_repr": "Beginner Level - Building Simple Web Pages", "action_flag": 2, "change_message": "[{\"added\": {\"name\": \"task\", \"object\": \"Building Simple Web Pages - Task 1\"}}, {\"added\": {\"name\": \"task\", \"object\": \"Building Simple Web Pages - Task 2\"}}]"}}, {"model": "admin.logentry", "pk": 9, "fields": {"action_time": "2024-08-10T08:17:25.065Z", "user": 1, "content_type": 8, "object_id": "2", "object_repr": "Front End Development - Intermediate Level", "action_flag": 2, "change_message": "[{\"added\": {\"name\": \"module\", \"object\": \"Intermediate Level - Advanced HTML & CSS\"}}, {\"added\": {\"name\": \"module\", \"object\": \"Intermediate Level - Version Control with Git\"}}, {\"added\": {\"name\": \"module\", \"object\": \"Intermediate Level - Frameworks and Libraries\"}}]"}}, {"model": "admin.logentry", "pk": 10, "fields": {"action_time": "2024-08-10T08:21:46.899Z", "user": 1, "content_type": 9, "object_id": "3", "object_repr": "Intermediate Level - Advanced HTML & CSS", "action_flag": 2, "change_message": "[{\"added\": {\"name\": \"task\", \"object\": \"Advanced HTML & CSS - Task 1\"}}, {\"added\": {\"name\": \"task\", \"object\": \"Advanced HTML & CSS - Task 2\"}}]"}}, {"model": "admin.logentry", "pk": 11, "fields": {"action_time": "2024-08-10T08:27:53.359Z", "user": 1, "content_type": 9, "object_id": "4", "object_repr": "Intermediate Level - Version Control with Git", "action_flag": 2, "change_message": "[{\"added\": {\"name\": \"task\", \"object\": \"Version Control with Git - Task 1\"}}]"}}, {"model": "admin.logentry", "pk": 12, "fields": {"action_time": "2024-08-11T13:04:53.593Z", "user": 1, "content_type": 9, "object_id": "4", "object_repr": "Intermediate Level - Version Control with Git", "action_flag": 2, "change_message": "[{\"changed\": {\"name\": \"task\", \"object\": \"Version Control with Git - Task 1\", \"fields\": [\"Description\", \"Link\", \"Link name\"]}}]"}}, {"model": "admin.logentry", "pk": 13, "fields": {"action_time": "2024-08-11T13:11:49.524Z", "user": 1, "content_type": 9, "object_id": "5", "object_repr": "Intermediate Level - Frameworks and Libraries", "action_flag": 2, "change_message": "[{\"added\": {\"name\": \"task\", \"object\": \"Frameworks and Libraries - Task 1\"}}, {\"added\": {\"name\": \"task\", \"object\": \"Frameworks and Libraries - Task 2\"}}]"}}, {"model": "admin.logentry", "pk": 14, "fields": {"action_time": "2024-08-11T13:12:53.206Z", "user": 1, "content_type": 8, "object_id": "3", "object_repr": "Front End Development - Advanced Level", "action_flag": 2, "change_message": "[{\"added\": {\"name\": \"module\", \"object\": \"Advanced Level - Modern JavaScript Frameworks\"}}, {\"added\": {\"name\": \"module\", \"object\": \"Advanced Level - Advanced CSS Techniques\"}}]"}}, {"model": "admin.logentry", "pk": 15, "fields": {"action_time": "2024-08-11T13:14:23.708Z", "user": 1, "content_type": 8, "object_id": "3", "object_repr": "Front End Development - Advanced Level", "action_flag": 2, "change_message": "[{\"added\": {\"name\": \"module\", \"object\": \"Advanced Level - Building Complex Projects\"}}, {\"added\": {\"name\": \"module\", \"object\": \"Advanced Level - APIs and AJAX\"}}]"}}, {"model": "admin.logentry", "pk": 16, "fields": {"action_time": "2024-08-11T13:32:33.712Z", "user": 1, "content_type": 9, "object_id": "6", "object_repr": "Advanced Level - Modern JavaScript Frameworks", "action_flag": 2, "change_message": "[{\"added\": {\"name\": \"task\", \"object\": \"Modern JavaScript Frameworks - Task 1\"}}, {\"added\": {\"name\": \"task\", \"object\": \"Modern JavaScript Frameworks - Task 2\"}}, {\"added\": {\"name\": \"task\", \"object\": \"Modern JavaScript Frameworks - Task 3\"}}, {\"added\": {\"name\": \"task\", \"object\": \"Modern JavaScript Frameworks - Task 4\"}}, {\"added\": {\"name\": \"task\", \"object\": \"Modern JavaScript Frameworks - Task 5\"}}, {\"added\": {\"name\": \"task\", \"object\": \"Modern JavaScript Frameworks - Task 6\"}}, {\"added\": {\"name\": \"task\", \"object\": \"Modern JavaScript Frameworks - Task 7\"}}]"}}, {"model": "admin.logentry", "pk": 17, "fields": {"action_time": "2024-08-11T13:42:02.086Z", "user": 1, "content_type": 9, "object_id": "7", "object_repr": "Advanced Level - Advanced CSS Techniques", "action_flag": 2, "change_message": "[{\"added\": {\"name\": \"task\", \"object\": \"Advanced CSS Techniques - Task 1\"}}, {\"added\": {\"name\": \"task\", \"object\": \"Advanced CSS Techniques - Task 2\"}}]"}}, {"model": "admin.logentry", "pk": 18, "fields": {"action_time": "2024-08-11T14:04:06.967Z", "user": 1, "content_type": 9, "object_id": "9", "object_repr": "Advanced Level - APIs and AJAX", "action_flag": 2, "change_message": "[{\"added\": {\"name\": \"task\", \"object\": \"APIs and AJAX - Task 1\"}}, {\"added\": {\"name\": \"task\", \"object\": \"APIs and AJAX - Task 2\"}}, {\"added\": {\"name\": \"task\", \"object\": \"APIs and AJAX - Task 3\"}}, {\"added\": {\"name\": \"task\", \"object\": \"APIs and AJAX - Task 4\"}}]"}}, {"model": "admin.logentry", "pk": 19, "fields": {"action_time": "2024-08-11T14:10:39.724Z", "user": 1, "content_type": 8, "object_id": "5", "object_repr": "Front End Development - Additional Resources", "action_flag": 2, "change_message": "[{\"added\": {\"name\": \"module\", \"object\": \"Additional Resources - MDN Web Docs\"}}]"}}, {"model": "admin.logentry", "pk": 20, "fields": {"action_time": "2024-08-11T14:11:40.996Z", "user": 1, "content_type": 9, "object_id": "10", "object_repr": "Additional Resources - MDN Web Docs", "action_flag": 2, "change_message": "[{\"added\": {\"name\": \"task\", \"object\": \"MDN Web Docs - Task 1\"}}]"}}, {"model": "admin.logentry", "pk": 21, "fields": {"action_time": "2024-08-11T14:20:37.885Z", "user": 1, "content_type": 9, "object_id": "8", "object_repr": "Advanced Level - Building Complex Projects", "action_flag": 2, "change_message": "[{\"added\": {\"name\": \"task\", \"object\": \"Building Complex Projects - Task 1\"}}]"}}, {"model": "admin.logentry", "pk": 22, "fields": {"action_time": "2024-08-11T14:24:02.348Z", "user": 1, "content_type": 8, "object_id": "4", "object_repr": "Front End Development - Master Level", "action_flag": 2, "change_message": "[{\"added\": {\"name\": \"module\", \"object\": \"Master Level - Progressive Web Apps (PWAs)\"}}, {\"added\": {\"name\": \"module\", \"object\": \"Master Level - Web Performance Optimization\"}}, {\"added\": {\"name\": \"module\", \"object\": \"Master Level - Testing and Debugging\"}}, {\"added\": {\"name\": \"module\", \"object\": \"Master Level - Advanced Framework Topics\"}}, {\"added\": {\"name\": \"module\", \"object\": \"Master Level - Continuous Integration/Continuous Deployment (CI/CD)\"}}]"}}, {"model": "admin.logentry", "pk": 23, "fields": {"action_time": "2024-08-11T14:38:06.163Z", "user": 1, "content_type": 9, "object_id": "11", "object_repr": "Master Level - Progressive Web Apps (PWAs)", "action_flag": 2, "change_message": "[{\"added\": {\"name\": \"task\", \"object\": \"Progressive Web Apps (PWAs) - Task 1\"}}, {\"added\": {\"name\": \"task\", \"object\": \"Progressive Web Apps (PWAs) - Task 2\"}}, {\"added\": {\"name\": \"task\", \"object\": \"Progressive Web Apps (PWAs) - Task 3\"}}]"}}, {"model": "admin.logentry", "pk": 24, "fields": {"action_time": "2024-08-11T14:43:11.300Z", "user": 1, "content_type": 9, "object_id": "12", "object_repr": "Master Level - Web Performance Optimization", "action_flag": 2, "change_message": "[{\"added\": {\"name\": \"task\", \"object\": \"Web Performance Optimization - Task 1\"}}]"}}, {"model": "admin.logentry", "pk": 25, "fields": {"action_time": "2024-08-12T07:32:17.756Z", "user": 1, "content_type": 9, "object_id": "13", "object_repr": "Master Level - Testing and Debugging", "action_flag": 2, "change_message": "[{\"added\": {\"name\": \"task\", \"object\": \"Testing and Debugging - Task 1\"}}, {\"added\": {\"name\": \"task\", \"object\": \"Testing and Debugging - Task 2\"}}]"}}, {"model": "admin.logentry", "pk": 26, "fields": {"action_time": "2024-08-12T07:45:20.279Z", "user": 1, "content_type": 9, "object_id": "14", "object_repr": "Master Level - Advanced Framework Topics", "action_flag": 2, "change_message": "[{\"added\": {\"name\": \"task\", \"object\": \"Advanced Framework Topics - Task 1\"}}, {\"added\": {\"name\": \"task\", \"object\": \"Advanced Framework Topics - Task 2\"}}, {\"added\": {\"name\": \"task\", \"object\": \"Advanced Framework Topics - Task 3\"}}]"}}, {"model": "admin.logentry", "pk": 27, "fields": {"action_time": "2024-08-12T07:57:03.031Z", "user": 1, "content_type": 9, "object_id": "15", "object_repr": "Master Level - Continuous Integration/Continuous Deployment (CI/CD)", "action_flag": 2, "change_message": "[{\"added\": {\"name\": \"task\", \"object\": \"Continuous Integration/Continuous Deployment (CI/CD) - Task 1\"}}, {\"added\": {\"name\": \"task\", \"object\": \"Continuous Integration/Continuous Deployment (CI/CD) - Task 2\"}}, {\"added\": {\"name\": \"task\", \"object\": \"Continuous Integration/Continuous Deployment (CI/CD) - Task 3\"}}]"}}, {"model": "admin.logentry", "pk": 28, "fields": {"action_time": "2024-08-12T09:02:21.548Z", "user": 1, "content_type": 9, "object_id": "1", "object_repr": "Beginner Level - Introduction to Front End Development", "action_flag": 2, "change_message": "[{\"changed\": {\"name\": \"task\", \"object\": \"Introduction to Front End Development - Task 2\", \"fields\": [\"Link name\"]}}, {\"changed\": {\"name\": \"task\", \"object\": \"Introduction to Front End Development - Task 3\", \"fields\": [\"Link name\"]}}, {\"changed\": {\"name\": \"task\", \"object\": \"Introduction to Front End Development - Task 4\", \"fields\": [\"Link name\"]}}]"}}, {"model": "admin.logentry", "pk": 29, "fields": {"action_time": "2024-08-12T09:26:11.712Z", "user": 1, "content_type": 7, "object_id": "1", "object_repr": "Front End Development", "action_flag": 2, "change_message": "[{\"changed\": {\"fields\": [\"Picture\"]}}]"}}, {"model": "admin.logentry", "pk": 30, "fields": {"action_time": "2024-08-12T09:26:54.062Z", "user": 1, "content_type": 7, "object_id": "1", "object_repr": "Front End Development", "action_flag": 2, "change_message": "[{\"changed\": {\"fields\": [\"Description\"]}}]"}}, {"model": "auth.permission", "pk": 1, "fields": {"name": "Can add log entry", "content_type": 1, "codename": "add_logentry"}}, {"model": "auth.permission", "pk": 2, "fields": {"name": "Can change log entry", "content_type": 1, "codename": "change_logentry"}}, {"model": "auth.permission", "pk": 3, "fields": {"name": "Can delete log entry", "content_type": 1, "codename": "delete_logentry"}}, {"model": "auth.permission", "pk": 4, "fields": {"name": "Can view log entry", "content_type": 1, "codename": "view_logentry"}}, {"model": "auth.permission", "pk": 5, "fields": {"name": "Can add permission", "content_type": 2, "codename": "add_permission"}}, {"model": "auth.permission", "pk": 6, "fields": {"name": "Can change permission", "content_type": 2, "codename": "change_permission"}}, {"model": "auth.permission", "pk": 7, "fields": {"name": "Can delete permission", "content_type": 2, "codename": "delete_permission"}}, {"model": "auth.permission", "pk": 8, "fields": {"name": "Can view permission", "content_type": 2, "codename": "view_permission"}}, {"model": "auth.permission", "pk": 9, "fields": {"name": "Can add group", "content_type": 3, "codename": "add_group"}}, {"model": "auth.permission", "pk": 10, "fields": {"name": "Can change group", "content_type": 3, "codename": "change_group"}}, {"model": "auth.permission", "pk": 11, "fields": {"name": "Can delete group", "content_type": 3, "codename": "delete_group"}}, {"model": "auth.permission", "pk": 12, "fields": {"name": "Can view group", "content_type": 3, "codename": "view_group"}}, {"model": "auth.permission", "pk": 13, "fields": {"name": "Can add user", "content_type": 4, "codename": "add_user"}}, {"model": "auth.permission", "pk": 14, "fields": {"name": "Can change user", "content_type": 4, "codename": "change_user"}}, {"model": "auth.permission", "pk": 15, "fields": {"name": "Can delete user", "content_type": 4, "codename": "delete_user"}}, {"model": "auth.permission", "pk": 16, "fields": {"name": "Can view user", "content_type": 4, "codename": "view_user"}}, {"model": "auth.permission", "pk": 17, "fields": {"name": "Can add content type", "content_type": 5, "codename": "add_contenttype"}}, {"model": "auth.permission", "pk": 18, "fields": {"name": "Can change content type", "content_type": 5, "codename": "change_contenttype"}}, {"model": "auth.permission", "pk": 19, "fields": {"name": "Can delete content type", "content_type": 5, "codename": "delete_contenttype"}}, {"model": "auth.permission", "pk": 20, "fields": {"name": "Can view content type", "content_type": 5, "codename": "view_contenttype"}}, {"model": "auth.permission", "pk": 21, "fields": {"name": "Can add session", "content_type": 6, "codename": "add_session"}}, {"model": "auth.permission", "pk": 22, "fields": {"name": "Can change session", "content_type": 6, "codename": "change_session"}}, {"model": "auth.permission", "pk": 23, "fields": {"name": "Can delete session", "content_type": 6, "codename": "delete_session"}}, {"model": "auth.permission", "pk": 24, "fields": {"name": "Can view session", "content_type": 6, "codename": "view_session"}}, {"model": "auth.permission", "pk": 25, "fields": {"name": "Can add course", "content_type": 7, "codename": "add_course"}}, {"model": "auth.permission", "pk": 26, "fields": {"name": "Can change course", "content_type": 7, "codename": "change_course"}}, {"model": "auth.permission", "pk": 27, "fields": {"name": "Can delete course", "content_type": 7, "codename": "delete_course"}}, {"model": "auth.permission", "pk": 28, "fields": {"name": "Can view course", "content_type": 7, "codename": "view_course"}}, {"model": "auth.permission", "pk": 29, "fields": {"name": "Can add level", "content_type": 8, "codename": "add_level"}}, {"model": "auth.permission", "pk": 30, "fields": {"name": "Can change level", "content_type": 8, "codename": "change_level"}}, {"model": "auth.permission", "pk": 31, "fields": {"name": "Can delete level", "content_type": 8, "codename": "delete_level"}}, {"model": "auth.permission", "pk": 32, "fields": {"name": "Can view level", "content_type": 8, "codename": "view_level"}}, {"model": "auth.permission", "pk": 33, "fields": {"name": "Can add module", "content_type": 9, "codename": "add_module"}}, {"model": "auth.permission", "pk": 34, "fields": {"name": "Can change module", "content_type": 9, "codename": "change_module"}}, {"model": "auth.permission", "pk": 35, "fields": {"name": "Can delete module", "content_type": 9, "codename": "delete_module"}}, {"model": "auth.permission", "pk": 36, "fields": {"name": "Can view module", "content_type": 9, "codename": "view_module"}}, {"model": "auth.permission", "pk": 37, "fields": {"name": "Can add task", "content_type": 10, "codename": "add_task"}}, {"model": "auth.permission", "pk": 38, "fields": {"name": "Can change task", "content_type": 10, "codename": "change_task"}}, {"model": "auth.permission", "pk": 39, "fields": {"name": "Can delete task", "content_type": 10, "codename": "delete_task"}}, {"model": "auth.permission", "pk": 40, "fields": {"name": "Can view task", "content_type": 10, "codename": "view_task"}}, {"model": "auth.user", "pk": 1, "fields": {"password": "pbkdf2_sha256$720000$ivpsefi5aPkHtkL6qFxNrb$0sU8l2d9/ICG5zI5/cQPiL3my61paLisaygN+apFaAU=", "last_login": "2024-08-08T20:50:59.846Z", "is_superuser": true, "username": "Twilight", "first_name": "", "last_name": "", "email": "da.kings.air@gmail.com", "is_staff": true, "is_active": true, "date_joined": "2024-08-03T08:23:11.692Z", "groups": [], "user_permissions": []}}, {"model": "auth.user", "pk": 2, "fields": {"password": "pbkdf2_sha256$720000$BfhC5GeYKYX5HkvAGltPXf$/p97QGTexsEl7tRAIti6Ek88EFeIXnlowRzfscE0TF0=", "last_login": "2024-08-04T23:50:17.743Z", "is_superuser": false, "username": "Imaks", "first_name": "", "last_name": "", "email": "mzone7325@gmail.com", "is_staff": false, "is_active": true, "date_joined": "2024-08-04T23:50:16.172Z", "groups": [], "user_permissions": []}}, {"model": "contenttypes.contenttype", "pk": 1, "fields": {"app_label": "admin", "model": "logentry"}}, {"model": "contenttypes.contenttype", "pk": 2, "fields": {"app_label": "auth", "model": "permission"}}, {"model": "contenttypes.contenttype", "pk": 3, "fields": {"app_label": "auth", "model": "group"}}, {"model": "contenttypes.contenttype", "pk": 4, "fields": {"app_label": "auth", "model": "user"}}, {"model": "contenttypes.contenttype", "pk": 5, "fields": {"app_label": "contenttypes", "model": "contenttype"}}, {"model": "contenttypes.contenttype", "pk": 6, "fields": {"app_label": "sessions", "model": "session"}}, {"model": "contenttypes.contenttype", "pk": 7, "fields": {"app_label": "App", "model": "course"}}, {"model": "contenttypes.contenttype", "pk": 8, "fields": {"app_label": "App", "model": "level"}}, {"model": "contenttypes.contenttype", "pk": 9, "fields": {"app_label": "App", "model": "module"}}, {"model": "contenttypes.contenttype", "pk": 10, "fields": {"app_label": "App", "model": "task"}}, {"model": "sessions.session", "pk": "bjmgbgm9qpbpuhoqjp60a7ru9coc0pfw", "fields": {"session_data": ".eJxVjEEOwiAQRe_C2hBKHRhcuu8ZyMCAVA0kpV0Z765NutDtf-_9l_C0rcVvPS1-ZnERgzj9boHiI9Ud8J3qrcnY6rrMQe6KPGiXU-P0vB7u30GhXr61HQDYsMoYMbIBlTloOiflRquBEQKPgAYzobFKOcqcbRyDDkjomMT7A-Y_OEc:1sakqX:lO2tD-fXpURo3EeIpFrv1IkCv7ElaOckrfPR9M1e8GQ", "expire_date": "2024-08-18T23:41:05.570Z"}}, {"model": "sessions.session", "pk": "smqmfcsdo90dpwtf5ldwcbmrhgi7f717", "fields": {"session_data": ".eJxVjEEOwiAQRe_C2hBKHRhcuu8ZyMCAVA0kpV0Z765NutDtf-_9l_C0rcVvPS1-ZnERgzj9boHiI9Ud8J3qrcnY6rrMQe6KPGiXU-P0vB7u30GhXr61HQDYsMoYMbIBlTloOiflRquBEQKPgAYzobFKOcqcbRyDDkjomMT7A-Y_OEc:1scA67:y5Id6SiNSihjEcAvdayFm76ARtRv4JHEKxTWBqaZSbk", "expire_date": "2024-08-22T20:50:59.846Z"}}, {"model": "App.course", "pk": 1, "fields": {"name": "Front End Development", "description": "Here's an outline for a Front End Development learning path from Beginner to Master, using free resources.", "picture": "course_pictures/front_end_developmet_picture.jpeg"}}, {"model": "App.level", "pk": 1, "fields": {"name": "Beginner Level", "course": 1, "order": 1}}, {"model": "App.level", "pk": 2, "fields": {"name": "Intermediate Level", "course": 1, "order": 2}}, {"model": "App.level", "pk": 3, "fields": {"name": "Advanced Level", "course": 1, "order": 3}}, {"model": "App.level", "pk": 4, "fields": {"name": "Master Level", "course": 1, "order": 4}}, {"model": "App.level", "pk": 5, "fields": {"name": "Additional Resources", "course": 1, "order": 5}}, {"model": "App.module", "pk": 1, "fields": {"name": "Introduction to Front End Development", "level": 1, "order": 1}}, {"model": "App.module", "pk": 2, "fields": {"name": "Building Simple Web Pages", "level": 1, "order": 2}}, {"model": "App.module", "pk": 3, "fields": {"name": "Advanced HTML & CSS", "level": 2, "order": 1}}, {"model": "App.module", "pk": 4, "fields": {"name": "Version Control with Git", "level": 2, "order": 2}}, {"model": "App.module", "pk": 5, "fields": {"name": "Frameworks and Libraries", "level": 2, "order": 3}}, {"model": "App.module", "pk": 6, "fields": {"name": "Modern JavaScript Frameworks", "level": 3, "order": 1}}, {"model": "App.module", "pk": 7, "fields": {"name": "Advanced CSS Techniques", "level": 3, "order": 2}}, {"model": "App.module", "pk": 8, "fields": {"name": "Building Complex Projects", "level": 3, "order": 3}}, {"model": "App.module", "pk": 9, "fields": {"name": "APIs and AJAX", "level": 3, "order": 4}}, {"model": "App.module", "pk": 10, "fields": {"name": "MDN Web Docs", "level": 5, "order": 1}}, {"model": "App.module", "pk": 11, "fields": {"name": "Progressive Web Apps (PWAs)", "level": 4, "order": 1}}, {"model": "App.module", "pk": 12, "fields": {"name": "Web Performance Optimization", "level": 4, "order": 2}}, {"model": "App.module", "pk": 13, "fields": {"name": "Testing and Debugging", "level": 4, "order": 3}}, {"model": "App.module", "pk": 14, "fields": {"name": "Advanced Framework Topics", "level": 4, "order": 4}}, {"model": "App.module", "pk": 15, "fields": {"name": "Continuous Integration/Continuous Deployment (CI/CD)", "level": 4, "order": 5}}, {"model": "App.task", "pk": 1, "fields": {"name": "What is Front End Development?", "description": "Front End Development is the process of building the user interface (UI) and user experience (UX) of a website or web application. It involves creating the visual elements that users interact with, such as layouts, buttons, forms, and navigation menus. Front End Developers use languages like HTML, CSS, and JavaScript to design and implement these interfaces, ensuring that they are responsive, accessible, and visually appealing across different devices and browsers. The goal is to create a seamless and intuitive experience for users as they interact with the web application.", "link": null, "link_name": null, "module": 1, "order": 1}}, {"model": "App.task", "pk": 2, "fields": {"name": "HTML Basics", "description": "HTML Tutorial by W3Schools", "link": "https://www.w3schools.com/html/default.asp", "link_name": "W3Schools", "module": 1, "order": 2}}, {"model": "App.task", "pk": 3, "fields": {"name": "CSS Basics", "description": "CSS Tutorial by W3Schools", "link": "https://www.w3schools.com/css/default.asp", "link_name": "W3Schools", "module": 1, "order": 3}}, {"model": "App.task", "pk": 4, "fields": {"name": "JavaScript Basics", "description": "JavaScript Tutorial by W3Schools", "link": "https://www.w3schools.com/js/default.asp", "link_name": "W3Schools", "module": 1, "order": 4}}, {"model": "App.task", "pk": 5, "fields": {"name": "HTML & CSS Project", "description": "Create a Simple Website with HTML, CSS, JavaScript", "link": "https://www.freecodecamp.org/news/create-a-simple-website-with-html-css-javascript/", "link_name": "FreeCodeCamp", "module": 2, "order": 1}}, {"model": "App.task", "pk": 6, "fields": {"name": "JavaScript Projects", "description": "40 JavaScript Projects for Beginners – Easy Ideas to Get Started Coding JS", "link": "https://www.freecodecamp.org/news/javascript-projects-for-beginners/", "link_name": "FreeCodeCamp", "module": 2, "order": 2}}, {"model": "App.task", "pk": 7, "fields": {"name": "Responsive Web Design 1", "description": "Responsive Web Design by FreeCodeCamp", "link": "https://www.freecodecamp.org/learn/2022/responsive-web-design/", "link_name": "FreeCodeCamp", "module": 3, "order": 1}}, {"model": "App.task", "pk": 8, "fields": {"name": "Responsive Web Design 2", "description": "Responsive Web Design Fundamentals by Udacity", "link": "https://www.udacity.com/enrollment/ud893", "link_name": "Udacity", "module": 3, "order": 2}}, {"model": "App.task", "pk": 9, "fields": {"name": "Basic Git", "description": "Git Tutorial by W3Schools", "link": "https://www.w3schools.com/git/", "link_name": "W3Schools", "module": 4, "order": 1}}, {"model": "App.task", "pk": 10, "fields": {"name": "Introduction to jQuery", "description": "jQuery Tutorial by W3Schools", "link": "https://www.w3schools.com/jquery/default.asp", "link_name": "W3Schools", "module": 5, "order": 1}}, {"model": "App.task", "pk": 11, "fields": {"name": "Introduction to Bootstrap", "description": "Bootstrap 5 Tutorial by W3Schools", "link": "https://www.w3schools.com/bootstrap5/index.php", "link_name": "W3Schools", "module": 5, "order": 2}}, {"model": "App.task", "pk": 12, "fields": {"name": "React 1", "description": "React Tutorial by W3Schools", "link": "https://www.w3schools.com/REACT/DEFAULT.ASP", "link_name": "W3Schools", "module": 6, "order": 1}}, {"model": "App.task", "pk": 13, "fields": {"name": "React 2", "description": "React Docs", "link": "https://react.dev/learn", "link_name": "React Docs", "module": 6, "order": 2}}, {"model": "App.task", "pk": 14, "fields": {"name": "React 3", "description": "React Tutorial", "link": "https://react-tutorial.app/", "link_name": "React Tutorial", "module": 6, "order": 3}}, {"model": "App.task", "pk": 15, "fields": {"name": "Vue.js 1", "description": "Vue Tutorial by W3Schools", "link": "https://www.w3schools.com/vue/index.php", "link_name": "W3Schools", "module": 6, "order": 4}}, {"model": "App.task", "pk": 16, "fields": {"name": "Vue.js 2", "description": "Vue.js Guide", "link": "https://vuejs.org/guide/introduction.html", "link_name": "Vue.js Guide", "module": 6, "order": 5}}, {"model": "App.task", "pk": 17, "fields": {"name": "Angular 1", "description": "AngularJS Tutorial by W3Schools", "link": "https://www.w3schools.com/angular/", "link_name": "W3Schools", "module": 6, "order": 6}}, {"model": "App.task", "pk": 18, "fields": {"name": "Angular 2", "description": "Angular Tutorial", "link": "https://angular.dev/tutorials/learn-angular", "link_name": "Angular Tutorial", "module": 6, "order": 7}}, {"model": "App.task", "pk": 19, "fields": {"name": "SASS/SCSS 1", "description": "Sass Tutorial by W3Schools", "link": "https://www.w3schools.com/sass/", "link_name": "W3Schools", "module": 7, "order": 1}}, {"model": "App.task", "pk": 20, "fields": {"name": "SASS/SCSS 1", "description": "Sass Basics by Sass-lang", "link": "https://sass-lang.com/guide/", "link_name": "Sass-lang", "module": 7, "order": 2}}, {"model": "App.task", "pk": 21, "fields": {"name": "Working with APIs 1", "description": "Intro to APIs by FreeCodeCamp", "link": "https://www.freecodecamp.org/news/apis-for-beginners/", "link_name": "FreeCodeCamp", "module": 9, "order": 1}}, {"model": "App.task", "pk": 22, "fields": {"name": "Working with APIs 2", "description": "How to Fetch Data from an API Using the Fetch API in JavaScript", "link": "https://www.freecodecamp.org/news/how-to-fetch-data-from-an-api-using-the-fetch-api-in-javascript/", "link_name": "FreeCodeCamp", "module": 9, "order": 2}}, {"model": "App.task", "pk": 23, "fields": {"name": "Working with APIs 3", "description": "Fetch API in JavaScript with Examples", "link": "https://www.geeksforgeeks.org/javascript-fetch-method/", "link_name": "Geeks for Geeks", "module": 9, "order": 3}}, {"model": "App.task", "pk": 24, "fields": {"name": "AJAX", "description": "AJAX Tutorial by W3Schools", "link": "https://www.w3schools.com/js/js_ajax_intro.asp", "link_name": "W3Schools", "module": 9, "order": 4}}, {"model": "App.task", "pk": 25, "fields": {"name": "MDN Web Docs", "description": "MDN Web Docs", "link": "https://developer.mozilla.org/en-US/docs/Learn", "link_name": "MDN Web Docs", "module": 10, "order": 1}}, {"model": "App.task", "pk": 26, "fields": {"name": "Full Projects", "description": "JavaScript 30 by Wes Bos", "link": "https://javascript30.com/", "link_name": "JavaScript 30", "module": 8, "order": 1}}, {"model": "App.task", "pk": 27, "fields": {"name": "Learn PWA", "description": "PWA Guide by web.dev", "link": "https://web.dev/learn/pwa", "link_name": "web.dev", "module": 11, "order": 1}}, {"model": "App.task", "pk": 28, "fields": {"name": "PWA Tutorial by FreeCodeCamp 101", "description": "How to build a PWA from scratch with HTML, CSS, and JavaScript", "link": "https://www.freecodecamp.org/news/build-a-pwa-from-scratch-with-html-css-and-javascript/", "link_name": "FreeCodeCamp", "module": 11, "order": 2}}, {"model": "App.task", "pk": 29, "fields": {"name": "PWA Tutorial by FreeCodeCamp 102", "description": "Progressive Web Apps 102: Building a Progressive Web App from scratch", "link": "https://www.freecodecamp.org/news/progressive-web-apps-102-building-a-progressive-web-app-from-scratch-397b72168040/", "link_name": "FreeCodeCamp", "module": 11, "order": 3}}, {"model": "App.task", "pk": 30, "fields": {"name": "Web Performance Fundamentals", "description": "Learn Web Performance", "link": "https://web.dev/learn/performance", "link_name": "web.dev", "module": 12, "order": 1}}, {"model": "App.task", "pk": 31, "fields": {"name": "Debugging 1", "description": "Debug JavaScript", "link": "https://developer.chrome.com/docs/devtools/javascript", "link_name": "Chrome for Developers", "module": 13, "order": 1}}, {"model": "App.task", "pk": 32, "fields": {"name": "Debugging 2", "description": "The 16 JavaScript debugging tips you probably didn’t know", "link": "https://raygun.com/learn/javascript-debugging-tips", "link_name": "RAYGUN", "module": 13, "order": 2}}, {"model": "App.task", "pk": 33, "fields": {"name": "Advanced React Topics", "description": "Advanced React Patterns by Netlify", "link": "https://advanced-react-patterns.netlify.app/", "link_name": "Netlify", "module": 14, "order": 1}}, {"model": "App.task", "pk": 34, "fields": {"name": "Advanced Vue Topics", "description": "Vue.js Best Practices by LearnVue", "link": "https://learnvue.co/articles/vue-best-practices", "link_name": "LearnVue", "module": 14, "order": 2}}, {"model": "App.task", "pk": 35, "fields": {"name": "Advanced Angular Topics", "description": "Angular Best Practices by FreeCodeCamp", "link": "https://www.freecodecamp.org/news/best-practices-for-a-clean-and-performant-angular-application-288e7b39eb6f/", "link_name": "FreeCodeCamp", "module": 14, "order": 3}}, {"model": "App.task", "pk": 36, "fields": {"name": "CI/CD Guide by DEV.to", "description": "Building a Bulletproof CI/CD Pipeline: A Comprehensive Guide", "link": "https://dev.to/gauri1504/building-a-bulletproof-cicd-pipeline-a-comprehensive-guide-3jg3", "link_name": "DEV.to", "module": 15, "order": 1}}, {"model": "App.task", "pk": 37, "fields": {"name": "CI/CD Guide by FreeCodeCamp 1", "description": "How to Setup a CI/CD Pipeline with GitHub Actions and AWS", "link": "https://www.freecodecamp.org/news/how-to-setup-a-ci-cd-pipeline-with-github-actions-and-aws/", "link_name": "FreeCodeCamp", "module": 15, "order": 2}}, {"model": "App.task", "pk": 38, "fields": {"name": "CI/CD Guide by FreeCodeCamp 2", "description": "How to Set Up a CI/CD Pipeline with Husky and GitHub Actions", "link": "https://www.freecodecamp.org/news/how-to-set-up-a-ci-cd-pipeline-with-husky-and-github-actions/", "link_name": "FreeCodeCamp", "module": 15, "order": 3}}]